GROUP,PACKAGE,CLASS,INSTRUCTION_MISSED,INSTRUCTION_COVERED,BRANCH_MISSED,BRANCH_COVERED,LINE_MISSED,LINE_COVERED,COMPLEXITY_MISSED,COMPLEXITY_COVERED,METHOD_MISSED,METHOD_COVERED
springmvcproject,com.spring.springmvcproject.config,AsyncConfig,23,0,0,0,8,0,2,0,2,0
springmvcproject,com.spring.springmvcproject.controller,RestDataConsumeController,21,3,0,0,3,1,2,1,2,1
springmvcproject,com.spring.springmvcproject.controller,EmployeeController,3,61,0,0,1,14,0,10,0,10
springmvcproject,com.spring.springmvcproject,SpringmvcprojectApplication,5,7,0,0,2,2,1,2,1,2
springmvcproject,com.spring.springmvcproject.Dao,EmployeeDao,26,151,0,4,1,30,3,13,3,11
springmvcproject,com.spring.springmvcproject.exception,CustomException,5,4,0,0,2,2,1,1,1,1
springmvcproject,com.spring.springmvcproject.modal,Address,53,3,0,0,7,1,11,1,11,1
springmvcproject,com.spring.springmvcproject.modal,Employee,222,44,44,6,2,5,32,7,7,7
springmvcproject,com.spring.springmvcproject.utils,EmpUtils,54,3,2,0,12,1,2,1,1,1
springmvcproject,com.spring.springmvcproject.service,EmployeeService,44,3,0,0,10,1,9,1,9,1
